동화약품,000020
KR모터스,000040
경방,000050
메리츠화재,000060
삼양홀딩스,000070
하이트진로,000080
유한양행,000100
CJ대한통운,000120
하이트진로홀딩스,000140
두산,000150
성창기업지주,000180
DL,000210
유유제약,000220
일동홀딩스,000230
한국앤컴퍼니,000240
기아,000270
대유플러스,000300
노루홀딩스,000320
한화손해보험,000370
삼화페인트,000390
롯데손해보험,000400
대원강업,000430
조선내화,000480
대동,000490
가온전선,000500
삼일제약,000520
흥국화재,000540
CS홀딩스,000590
동아쏘시오홀딩스,000640
천일고속,000650
SK하이닉스,000660
영풍,000670
LS네트웍스,000680
유수홀딩스,000700
현대건설,000720
이화산업,000760
삼성화재,000810
화천기공,000850
강남제비스코,000860
한화,000880
보해양조,000890
유니온,000910
전방,000950
한국주철관,000970
DB하이텍,000990
페이퍼코리아,001020
CJ,001040
JW중외제약,001060
대한방직,001070
만호제강,001080
LX인터내셔널,001120
대한제분,001130
국보,001140
유진투자증권,001200
금호전기,001210
동국제강,001230
GS글로벌,001250
남광토건,001260
부국증권,001270
상상인증권,001290
백광산업,001340
삼성제약,001360
SG글로벌,001380
KG케미칼,001390
태원물산,001420
세아베스틸,001430
대한전선,001440
현대해상,001450
BYC,001460
삼부토건,001470
현대차증권,001500
SK증권,001510
동양,001520
DI동일,001530
조비,001550
제일연마,001560
금양,001570
케이비아이동국실업,001620
종근당홀딩스,001630
대상,001680
신영증권,001720
SK네트웍스,001740
한양증권,001750
SHD,001770
알루코,001780
대한제당,001790
오리온홀딩스,001800
삼화콘덴서,001820
DL건설,001880
KISCO홀딩스,001940
코오롱,002020
아세아,002030
비비안,002070
경농,002100
고려산업,002140
도화엔지니어링,002150
삼양통상,002170
한국수출포장,002200
동성제약,002210
한일철강,002220
고려제강,002240
롯데푸드,002270
아세아제지,002310
한진,002320
넥센타이어,002350
SH에너지화학,002360
KCC,002380
한독,002390
범양건영,002410
세기상사,002420
삼익악기,002450
화성산업,002460
조흥,002600
제일파마홀딩스,002620
오리엔트바이오,002630
동일제강,002690
신일전자,002700
TCC스틸,002710
국제약품,002720
보락,002760
진흥기업,002780
아모레G,002790
삼영무역,002810
SUN&L,002820
미원상사,002840
신풍제지,002870
대유에이텍,002880
TYM,002900
유성기업,002920
한국쉘석유,002960
금호건설,002990
부광약품,003000
혜인,003010
세아제강지주,003030
에이프로젠제약,003060
코오롱글로벌,003070
성보화학,003080
대웅,003090
일성신약,003120
디아이,003160
일신방직,003200
대원제약,003220
삼양식품,003230
태광산업,003240
흥아해운,003280
한일홀딩스,003300
한국화장품제조,003350
쌍용C&E,003410
유화증권,003460
유안타증권,003470
한진중공업홀딩스,003480
대한항공,003490
영진약품,003520
한화투자증권,003530
대신증권,003540
LG,003550
IHQ,003560
SNT중공업,003570
넥스트사이언스,003580
방림,003610
쌍용차,003620
미창석유,003650
포스코케미칼,003670
한성기업,003680
코리안리,003690
삼영화학,003720
진양산업,003780
대한화섬,003830
보령제약,003850
남양유업,003920
사조대림,003960
롯데정밀화학,004000
현대제철,004020
SG세계물산,004060
신흥,004080
한국석유,004090
태양금속,004100
동방,004140
한솔홀딩스,004150
신세계,004170
NPC,004250
남성,004270
현대약품,004310
세방,004360
농심,004370
삼익THK,004380
서울식품,004410
송원산업,004430
삼일씨엔에스,004440
삼화왕관,004450
세방전지,004490
깨끗한나라,004540
현대비앤지스틸,004560
삼천리,004690
조광피혁,004700
한솔테크닉스,004710
팜젠사이언스,004720
써니전자,004770
효성,004800
덕성,004830
DRB동일,004840
티웨이홀딩스,004870
동일산업,004890
조광페인트,004910
씨아이테크,004920
한신공영,004960
신라교역,004970
성신양회,004980
롯데지주,004990
휴스틸,005010
부산주공,005030
코스모신소재,005070
SGC에너지,005090
한창,005110
빙그레,005180
녹십자홀딩스,005250
롯데칠성,005300
국동,005320
모나미,005360
현대차,005380
신성통상,005390
코스모화학,005420
한국공항,005430
현대그린푸드,005440
POSCO,005490
삼진제약,005500
SPC삼립,005610
삼영전자,005680
파미셀,005690
넥센,005720
크라운해태홀딩스,005740
대림B&Co,005750
신영와코루,005800
풍산홀딩스,005810
원림,005820
DB손해보험,005830
에스엘,005850
휴니드,005870
대한해운,005880
삼성전자,005930
NH투자증권,005940
이수화학,005950
동부건설,005960
동원산업,006040
화승인더,006060
사조오양,006090
삼아알미늄,006110
SK디스커버리,006120
한국전자홀딩스,006200
제주은행,006220
LS,006260
녹십자,006280
대원전선,006340
GS건설,006360
대구백화점,006370
카프로,006380
한일현대시멘트,006390
삼성SDI,006400
인스코비,006490
대림통상,006570
대한유화,006650
삼성공조,006660
영풍제지,006740
미래에셋증권,006800
AK홀딩스,006840
신송홀딩스,006880
태경케미컬,006890
우성,006980
GS리테일,007070
일신석재,007110
미래아이앤지,007120
사조산업,007160
벽산,007210
한국특강,007280
오뚜기,007310
디티알오토모티브,007340
에이프로젠 MED,007460
샘표,007540
일양약품,007570
동방아그로,007590
선도전기,007610
폴루스바이오팜,007630
이수페타시스,007660
국도화학,007690
F&F홀딩스,007700
코리아써키트,007810
서연,007860
태평양물산,007980
사조동아원,008040
대덕,008060
대동전자,008110
이건산업,008250
NI스틸,008260
남선알미늄,008350
문배철강,008420
서흥,008490
일정실업,008500
메리츠증권,008560
윌비스,008600
아남전자,008700
율촌화학,008730
호텔신라,008770
금비,008870
한미사이언스,008930
동양철관,008970
KCTC,009070
경인전자,009140
삼성전기,009150
SIMPAC,009160
한솔로지스틱스,009180
대양금속,009190
무림페이퍼,009200
한샘,009240
신원,009270
광동제약,009290
참엔지니어링,009310
대우부품,009320
태영건설,009410
한올바이오파마,009420
KC그린홀딩스,009440
경동나비엔,009450
한창제지,009460
삼화전기,009470
한국조선해양,009540
무림P&P,009580
모토닉,009680
삼정펄프,009770
엔케이물산,009810
한화솔루션,009830
명신산업,009900
영원무역홀딩스,009970
한국내화,010040
우리종금,010050
OCI,010060
한국프랜지,010100
LS ELECTRIC,010120
고려아연,010130
삼성중공업,010140
우진아이엔에스,010400
한솔PNS,010420
지코,010580
웰바이오텍,010600
현대미포조선,010620
진양폴리,010640
화천기계,010660
화신,010690
평화홀딩스,010770
아이에스동서,010780
퍼스텍,010820
S-Oil,010950
삼호개발,010960
진원생명과학,011000
LG이노텍,011070
에넥스,011090
CJ씨푸드,011150
롯데케미칼,011170
HMM,011200
현대위아,011210
삼화전자,011230
태림포장,011280
성안,011300
유니켐,011330
부산산업,011390
갤럭시아에스엠,011420
한농화성,011500
와이투솔루션,011690
한신기계,011700
현대코퍼레이션,011760
금호석유,011780
SKC,011790
STX,011810
신성이엔지,011930
DB,012030
영흥,012160
아센디오,012170
계양전기,012200
영화금속,012280
경동인베스트,012320
현대모비스,012330
한화에어로스페이스,012450
더존비즈온,012510
센트럴인사이트,012600
경인양행,012610
HDC,012630
모나리자,012690
에스원,012750
대창,012800
세우글로벌,013000
일성건설,013360
화승코퍼레이션,013520
디와이,013570
계룡건설,013580
까뮤이앤씨,013700
지엠비코리아,013870
지누스,013890
한익스프레스,014130
대영포장,014160
금강공업,014280
영보화학,014440
극동유화,014530
태경비케이,014580
한솔케미칼,014680
사조씨푸드,014710
한라,014790
동원시스템즈,014820
유니드,014830
성문전자,014910
인디에프,014990
이스타코,015020
대창단조,015230
에이엔피,015260
부산가스,015350
예스코홀딩스,015360
쎌마테라퓨틱스,015540
큐로,015590
한국전력,015760
일진홀딩스,015860
태경산업,015890
대현,016090
삼성증권,016360
KG동부제철,016380
한세예스24홀딩스,016450
환인제약,016580
신대양제지,016590
DB금융투자,016610
대성홀딩스,016710
두올,016740
퍼시스,016800
웅진,016880
광명전기,017040
명문제약,017180
우신시스템,017370
서울가스,017390
수산중공업,017550
SK텔레콤,017670
현대엘리베이,017800
풀무원,017810
광전자,017900
E1,017940
한국카본,017960
애경산업,018250
삼성에스디에스,018260
조일알미늄,018470
동원금속,018500
SK가스,018670
한온시스템,018880
신풍제약,019170
티에이치엔,019180
세아특수강,019440
하이트론,019490
대교,019680
한섬,020000
키다리스튜디오,020120
일진머티리얼즈,020150
아시아나항공,020560
일진디스플,020760
서원,021050
코웨이,021240
세원정공,021820
삼원강재,023000
MH에탄올,023150
한국종합기술,023350
동남합성,023450
롯데쇼핑,023530
다우기술,023590
인지컨트롤스,023800
인팩,023810
에쓰씨엔지니어링,023960
WISCOM,024070
디씨엠,024090
기업은행,024110
한국콜마홀딩스,024720
대원화성,024890
덕양산업,024900
KPX케미칼,025000
SJM홀딩스,025530
한국단자,025540
미래산업,025560
제이준코스메틱,025620
한솔홈데코,025750
이구산업,025820
남해화학,025860
한국주강,025890
디피씨,026890
부국철강,026940
동서,026960
BGF,027410
마니커,027740
세하,027970
삼성엔지니어링,028050
동아지질,028100
삼성물산,028260
팬오션,028670
케이씨,029460
신도리코,029530
삼성카드,029780
제일기획,030000
KT,030200
KTB투자증권,030210
교보증권,030610
동원수산,030720
비케이탑스,030790
신세계인터내셔날,031430
신세계푸드,031440
콤텍시스템,031820
롯데관광개발,032350
황금에스티,032560
LG유플러스,032640
삼성생명,032830
KH 필룩스,033180
자화전자,033240
체시스,033250
유나이티드제약,033270
세종공업,033530
KT&G,033780
무학,033920
두산중공업,034020
SBS,034120
LG디스플레이,034220
신세계건설,034300
NICE,034310
인천도시가스,034590
SK,034730
한국토지신탁,034830
지투알,035000
백산,035150
강원랜드,035250
NAVER,035420
신세계 I&C,035510
카카오,035720
제이콘텐트리,036420
한국가스공사,036460
SNT홀딩스,036530
엔씨소프트,036570
팜스코,036580
YG PLUS,037270
LG헬로비전,037560
광주신세계,037710
하나투어,039130
키움증권,039490
HDC아이콘트롤스,039570
상신브레이크,041650
대우조선해양,042660
현대두산인프라코어,042670
한미반도체,042700
주연테크,044380
KSS해운,044450
코스맥스비티아이,044820
대우건설,047040
포스코인터내셔널,047050
유니온머티리얼,047400
한국항공우주,047810
동원F&B,049770
우진플라임,049800
한전KPS,051600
진양화학,051630
LG생활건강,051900
LG화학,051910
한전기술,052690
스카이라이프,053210
한미글로벌,053690
테이팩스,055490
신한지주,055550
현대홈쇼핑,057050
포스코강판,058430
세아홀딩스,058650
다스코,058730
KTcs,058850
KTis,058860
한라홀딩스,060980
종근당바이오,063160
현대로템,064350
SNT모티브,064960
LG전자,066570
세이브존I&C,067830
셀트리온,068270
삼성출판사,068290
SK렌터카,068400
휴켐스,069260
대호에이엘,069460
KODEX 200,069500
대웅제약,069620
한세엠케이,069640
KOSEF 200,069660
DSR제강,069730
현대백화점,069960
용평리조트,070960
한국금융지주,071050
하이스틸,071090
지역난방공사,071320
롯데하이마트,071840
코아스,071950
STX중공업,071970
유엔젤,072130
농심홀딩스,072710
금호타이어,073240
이엔플러스,074610
새론오토모티브,075180
세진중공업,075580
유니퀘스트,077500
STX엔진,077970
텔코웨어,078000
에이블씨엔씨,078520
GS,078930
CJ CGV,079160
현대리바트,079430
LIG넥스원,079550
휴비스,079980
일진다이아,081000
휠라홀딩스,081660
동양생명,082640
HSD엔진,082740
그린케미칼,083420
대한제강,084010
동양고속,084670
이월드,084680
대상홀딩스,084690
TBH글로벌,084870
엔케이,085310
미래에셋생명,085620
현대글로비스,086280
하나금융지주,086790
이리츠코크렙,088260
한화생명,088350
진도,088790
맥쿼리인프라,088980
HDC현대EP,089470
제주항공,089590
롯데렌탈,089860
평화산업,090080
노루페인트,090350
메타랩스,090370
아모레퍼시픽,090430
세원이앤씨,091090
KODEX 반도체,091160
KODEX 은행,091170
KODEX 자동차,091180
TIGER 은행,091220
TIGER 반도체,091230
티웨이항공,091810
디아이씨,092200
KEC,092220
KPX홀딩스,092230
기신정기,092440
동양피스톤,092780
LF,093050
이아이디,093230
형지엘리트,093240
후성,093370
효성ITX,094280
맵스리얼티1,094800
AJ네트웍스,095570
웅진씽크빅,095720
베트남개발1,096300
JW홀딩스,096760
SK이노베이션,096770
한진중공업,097230
엠씨넥스,097520
CJ제일제당,097950
TIGER 방송통신,098560
KODEX 차이나H,099140
비상교육,100220
진양홀딩스,100250
SNT에너지,100840
KOSEF KRX100,100910
SBS미디어홀딩스,101060
인바이오젠,101140
KODEX 일본TOPIX100,101280
해태제과식품,101530
TIGER 200,102110
동성케미컬,102260
쌍방울,102280
이연제약,102460
KODEX 삼성그룹,102780
KODEX 기계장비,102960
KODEX 증권,102970
풍산,103140
일진전기,103590
KOSEF 블루칩,104520
KOSEF 고배당,104530
한국철강,104700
TIGER 라틴35,105010
KINDEX 200,105190
KB금융,105560
한세실업,105630
KBSTAR 5대그룹주,105780
우진,105840
미원홀딩스,107590
KINDEX 삼성그룹섹터가중,108450
TREX 200,108590
LX하우시스,108670
컨버즈,109070
호전실업,111110
영원무역,111770
씨에스윈드,112610
GKL,114090
KBSTAR 국고채3년,114100
KODEX 국고채3년,114260
KINDEX 국고채3년,114460
KOSEF 국고채3년,114470
KODEX 인버스,114800
TIGER 국채3년,114820
락앤락,115390
KODEX 에너지화학,117460
대성에너지,117580
KODEX 철강,117680
TIGER 차이나항셍25,117690
KODEX 건설,117700
우리들휴브레인,118000
KC코트렐,119650
조선선재,120030
코오롱인더,120110
ARIRANG 코스피50,122090
KOSEF 통안채1년,122260
KODEX 레버리지,122630
아이마켓코리아,122900
TIGER 인버스,123310
TIGER 레버리지,123320
한국화장품,123690
SJM,123700
한국자산신탁,123890
현대퓨처넷,126560
대성산업,128820
한미약품,128940
인터지스,129260
한전산업,130660
TIGER 원유선물Enhanced(H),130680
KOSEF 단기자금,130730
KINDEX 삼성그룹동일가중,131890
KODEX 골드선물(H),132030
TIGER 미국나스닥100,133690
화인베스틸,133820
미원화학,134380
시디즈,134790
KBSTAR 중기우량회사채,136340
선진,136490
에스디바이오센서,137310
TIGER 농산물선물Enhanced(H),137610
마이다스 200커버드콜5%OTM,137930
메리츠금융지주,138040
KOSEF 미국달러선물,138230
엔에스쇼핑,138250
코오롱플라스틱,138490
TIGER 삼성그룹펀더멘털,138520
TIGER LG그룹+펀더멘털,138530
TIGER 현대차그룹+펀더멘털,138540
KODEX 구리선물(H),138910
KODEX 콩선물(H),138920
BNK금융지주,138930
DGB금융지주,139130
TIGER 200 건설,139220
TIGER 200 중공업,139230
TIGER 200 철강소재,139240
TIGER 200 에너지화학,139250
TIGER 200 IT,139260
TIGER 200 금융,139270
TIGER 경기방어,139280
TIGER 200 경기소비재,139290
TIGER 금속선물(H),139310
TIGER 금은선물(H),139320
이마트,139480
KOSEF 미국달러선물인버스,139660
아주스틸,139990
KBSTAR 수출주,140570
KBSTAR 우량업종,140580
KODEX 보험,140700
KODEX 운송,140710
에이리츠,140910
파워 코스피100,140950
핸즈코퍼레이션,143210
KINDEX 밸류대형,143460
TIGER 미국S&P500선물(H),143850
TIGER 헬스케어,143860
KODEX 은선물(H),144600
코오롱머티리얼,144620
다이나믹디자인,145210
케이탑리츠,145270
KINDEX 인버스,145670
덴티움,145720
TREX 펀더멘탈 200,145850
삼양사,145990
TIGER 모멘텀,147970
KBSTAR 200,148020
KOSEF 국고채10년,148070
TIGER 중국소비테마,150460
ARIRANG 200,152100
KODEX 국채선물10년,152380
KINDEX 레버리지,152500
한국ANKOR유전,152550
파워 200,152870
KODEX 단기채권,153130
KOSEF 코스피100,153270
하이골드3호,153360
DSR,155660
바다로19호,155900
KODEX MSCI Korea,156080
TIGER 단기통안채,157450
TIGER 소프트웨어,157490
TIGER 증권,157500
마이티 코스피100,159800
TIGER 구리실물,160580
애경유화,161000
한국타이어앤테크놀로지,161390
ARIRANG 고배당주,161510
한국콜마,161890
동일고무벨트,163560
TIGER 200커버드콜5%OTM,166400
KOSEF 국고채10년레버리지,167860
KTOP 코스피50,168300
한국패러랠,168490
KINDEX 중국본토CSI300,168580
KODEX 차이나A50,169950
동아에스티,170900
하이골드12호,172580
TIGER 로우볼,174350
KBSTAR 중국본토대형주CSI100,174360
JB금융지주,175330
파워 중기국고채,176710
KODEX 국채선물10년인버스,176950
PI첨단소재,178920
한진칼,180640
KINDEX 미국다우존스리츠(합성 H),181480
NHN,181710
TIGER 미국MSCI리츠(합성 H),182480
TIGER 단기선진하이일드(합성 H),182490
아세아시멘트,183190
KBSTAR 채권혼합,183700
KBSTAR 주식혼합,183710
KODEX 미국S&P바이오(합성),185680
종근당,185750
ARIRANG 글로벌MSCI(합성 H),189400
KINDEX 단기통안채,190620
더블유게임즈,192080
TIGER 차이나CSI300,192090
쿠쿠홀딩스,192400
드림텍,192650
파워 고배당저변동성,192720
코스맥스,192820
제이에스코퍼레이션,194370
해성디에스,195870
TIGER 일본TOPIX(합성 H),195920
TIGER 유로스탁스50(합성 H),195930
ARIRANG 선진국MSCI(합성 H),195970
ARIRANG 신흥국MSCI(합성 H),195980
KINDEX 일본TOPIX레버리지(H),196030
KBSTAR 단기통안채,196230
KODEX 미국S&P산업재(합성),200030
KOSEF 인도Nifty50(합성),200250
서연이화,200880
TIGER 미국나스닥바이오,203780
모두투어리츠,204210
만도,204320
KODEX 차이나H레버리지(H),204450
TIGER 차이나CSI300레버리지(합성),204480
KINDEX 일본TOPIX인버스(합성 H),205720
삼성바이오로직스,207940
SOL 선진국MSCI World(합성 H),208470
디와이파워,210540
TIGER 코스피고배당,210780
SK디앤디,210980
TIGER 배당성장,211560
KODEX 배당성장,211900
한솔제지,213500
KODEX 삼성그룹밸류,213610
ARIRANG 미국다우존스고배당주(합성 H),213630
이노션,214320
금호에이치티,214330
경보제약,214390
토니모리,214420
KODEX 단기채권PLUS,214980
HK S&P코리아로우볼,215620
TIGER 원유선물인버스(H),217770
TIGER 차이나CSI300인버스(합성),217780
TIGER 가격조정,217790
KODEX 미국S&P에너지(합성),218420
KBSTAR 미국S&P원유생산기업(합성 H),219390
KODEX 미국S&P500선물(H),219480
KINDEX 중국본토CSI300레버리지(합성),219900
SOL 중국본토 중소형 CSI500(합성 H),220130
KODEX 200가치저변동,223190
TIGER 미국S&P500선물인버스(H),225030
TIGER 미국S&P500레버리지(합성 H),225040
TIGER 유로스탁스레버리지(합성 H),225050
TIGER 이머징마켓MSCI레버리지(합성 H),225060
KINDEX 골드선물 레버리지(합성 H),225130
KOSEF 미국달러선물레버리지,225800
잇츠한불,226320
KINDEX Fn성장소비주도주,226380
KODEX 코스피,226490
KODEX 200 중소형,226980
TIGER 200 헬스케어,227540
TIGER 200 산업재,227550
TIGER 200 생활소비재,227560
TIGER 우량가치,227570
ARIRANG 코스피,227830
현대코퍼레이션홀딩스,227840
TIGER 화장품,228790
TIGER 여행레저,228800
TIGER 미디어컨텐츠,228810
TIGER KTOP30,228820
KODEX 코스닥 150,229200
LS전선아시아,229640
KODEX KTOP30,229720
KOSEF 미국달러선물인버스2X,230480
TIGER 코스닥150,232080
TIGER 코스닥150 레버리지,233160
KODEX 코스닥150 레버리지,233740
JW생명과학,234080
KBSTAR V&S셀렉트밸류,234310
TIGER 인도니프티50레버리지(합성),236350
KODEX 코스피100,237350
KODEX 배당성장채권혼합,237370
TIGER 경기방어채권혼합,237440
ARIRANG 스마트베타Quality채권혼합,238670
KINDEX 일본Nikkei225(H),238720
ARIRANG 우량회사채50 1년,239660
TIGER 일본니케이225,241180
KBSTAR V&S셀렉트밸류채권혼합,241390
두산밥캣,241560
화승엔터프라이즈,241590
TIGER 200IT레버리지,243880
TIGER 200에너지화학레버리지,243890
KODEX 바이오,244580
KODEX 모멘텀Plus,244620
KODEX 퀄리티Plus,244660
KODEX 밸류Plus,244670
에이플러스에셋,244920
TIGER 미국다우존스30,245340
TIGER 유로스탁스배당30,245350
TIGER 차이나HSCEI,245360
KINDEX 베트남VN30(합성),245710
솔루엠,248070
샘표식품,248170
TIGER 일본TOPIX헬스케어(합성),248260
TIGER S&P글로벌헬스케어(합성),248270
일동제약,249420
KBSTAR 차이나HSCEI(H),250730
TIGER 코스닥150선물인버스,250780
넷마블,251270
KODEX 코스닥150선물인버스,251340
KODEX 선진국MSCI World,251350
ARIRANG 고배당저변동50,251590
ARIRANG 고배당주채권혼합,251600
KINDEX 코스닥(합성),251890
TIGER 200동일가중,252000
KBSTAR 200선물레버리지,252400
KBSTAR 200선물인버스,252410
KBSTAR 200선물인버스2X,252420
KODEX 200동일가중,252650
KODEX 200선물인버스2X,252670
TIGER 200선물인버스2X,252710
KBSTAR 모멘텀밸류,252720
KBSTAR 모멘텀로우볼,252730
ARIRANG 200선물레버리지,253150
ARIRANG 200선물인버스2X,253160
KOSEF 200선물인버스2X,253230
KOSEF 200선물인버스,253240
KOSEF 200선물레버리지,253250
KBSTAR 헬스케어,253280
KBSTAR 헬스케어채권혼합,253290
KINDEX 인도네시아MSCI(합성),256440
ARIRANG 심천차이넥스트(합성),256450
KODEX 차이나심천ChiNext(합성),256750
크래프톤,259960
TIGER 코스닥150IT,261060
TIGER 코스닥150바이오테크,261070
TIGER 미국달러선물레버리지,261110
TIGER 미국달러선물인버스2X,261120
TIGER 우선주,261140
KODEX WTI원유선물(H),261220
KODEX 미국달러선물,261240
KODEX 미국달러선물레버리지,261250
KODEX 미국달러선물인버스2X,261260
KODEX 미국달러선물인버스,261270
KINDEX 필리핀MSCI(합성),261920
크라운제과,264900
KINDEX 러시아MSCI(합성),265690
KBSTAR 고배당,266160
KODEX 미디어&엔터테인먼트,266360
KODEX IT,266370
KODEX 경기소비재,266390
KODEX 필수소비재,266410
KODEX 헬스케어,266420
ARIRANG 중형주저변동50,266550
현대중공업지주,267250
현대일렉트릭,267260
현대건설기계,267270
경동도시가스,267290
KBSTAR 미국장기국채선물(H),267440
KBSTAR 미국장기국채선물인버스(H),267450
KBSTAR 미국장기국채선물레버리지(합성 H),267490
KBSTAR 미국장기국채선물인버스2X(합성 H),267500
TIGER 200선물레버리지,267770
아시아나IDT,267850
미원에스씨,268280
TIGER S&P글로벌인프라(합성),269370
KODEX S&P글로벌인프라(합성),269420
ARIRANG S&P글로벌인프라,269530
ARIRANG 미국S&P500(H),269540
KBSTAR KQ고배당,270800
KBSTAR 코스닥150,270810
KODEX WTI원유선물인버스(H),271050
KODEX 3대농산물선물(H),271060
오리온,271560
일진하이솔루스,271940
제일약품,271980
한화시스템,272210
KINDEX 스마트모멘텀,272220
KINDEX 스마트밸류,272230
진에어,272450
삼양패키징,272550
KBSTAR 단기국공채액티브,272560
KBSTAR 중장기국공채액티브,272570
TIGER 단기채권액티브,272580
KINDEX 중장기국공채액티브,272910
KODEX 종합채권(AA-이상)액티브,273130
KODEX 단기변동금리부채권액티브,273140
KODEX MSCI모멘텀,275280
KODEX MSCI밸류,275290
KODEX MSCI퀄리티,275300
KBSTAR 코스닥150선물인버스,275750
TIGER 글로벌4차산업혁신기술(합성 H),275980
TIGER 글로벌자원생산기업(합성 H),276000
KBSTAR 글로벌4차산업IT(합성 H),276650
KODEX 미국S&P고배당커버드콜(합성 H),276970
KODEX 글로벌4차산업로보틱스(합성),276990
KINDEX S&P아시아TOP50,277540
TIGER 코스피,277630
TIGER 코스피대형주,277640
TIGER 코스피중형주,277650
KBSTAR 코스닥150선물레버리지,278240
ARIRANG ESG우수기업,278420
KODEX 200TR,278530
KODEX MSCI Korea TR,278540
ARIRANG 단기채권액티브,278620
KODEX 고배당,279530
KODEX 최소변동성,279540
KINDEX 미국IT인터넷S&P(합성 H),280320
롯데제과,280360
ARIRANG 주도업종,280920
KODEX 미국러셀2000(H),280930
KODEX 골드선물인버스(H),280940
케이씨텍,281820
KBSTAR 중소형고배당,281990
KBSTAR 국고채3년선물인버스,282000
BGF리테일,282330
동아타이어,282690
KODEX 차이나CSI300,283580
KODEX 200미국채혼합,284430
쿠쿠홈시스,284740
KBSTAR 200금융,284980
KBSTAR 200에너지화학,284990
KBSTAR 200IT,285000
KBSTAR 200중공업,285010
KBSTAR 200철강소재,285020
SK케미칼,285130
FOCUS ESG리더스,285690
롯데정보통신,286940
ARIRANG 미국나스닥기술주,287180
KBSTAR 200건설,287300
KBSTAR 200경기소비재,287310
KBSTAR 200산업재,287320
KBSTAR 200생활소비재,287330
KODEX MSCI KOREA ESG유니버설,289040
TIGER MSCI KOREA ESG유니버설,289250
TIGER MSCI KOREA ESG리더스,289260
TIGER 200커버드콜ATM,289480
ARIRANG 국채선물10년,289670
KBSTAR 200고배당커버드콜ATM,290080
KBSTAR ESG사회책임투자,290130
KINDEX 멕시코MSCI(합성),291130
KOSEF 코스닥150선물인버스,291620
KOSEF 코스닥150선물레버리지,291630
KBSTAR 차이나H선물인버스(H),291680
KODEX MSCI EM선물(H),291890
KBSTAR KRX300,292050
TIGER TOP10,292150
TIGER KRX300,292160
KODEX KRX300,292190
마이티 200커버드콜ATM레버리지,292340
SOL KRX300,292500
TIGER 일본엔선물,292560
FOCUS KRX300,292730
ARIRANG KRX300,292750
KODEX 국채선물3년인버스,292770
HANARO 200,293180
하나제약,293480
신한알파리츠,293940
KOSEF 200TR,294400
HDC현대산업개발,294870
KBSTAR 국채선물10년,295000
KBSTAR 국채선물10년인버스,295020
SOL 200TR,295040
ARIRANG 200동일가중,295820
효성화학,298000
효성티앤씨,298020
효성중공업,298040
효성첨단소재,298050
ARIRANG 국채선물3년,298340
에어부산,298690
KODEX 한국대만IT프리미어,298770
KINDEX 국채선물10년인버스,299070
KINDEX 국채선물3년인버스,299080
TIGER K게임,300610
KBSTAR 게임테마,300640
한일시멘트,300720
KODEX 게임산업,300950
ARIRANG 코스닥150,301400
ARIRANG 코스닥150선물인버스,301410
ARIRANG 코스피중형주,301440
TIGER 국채선물3년인버스,302170
TIGER 국채선물10년인버스,302180
TIGER 중장기국채,302190
SK바이오사이언스,302440
KBSTAR 코스피,302450
KODEX 미국채울트라30년선물(H),304660
KODEX 미국채울트라30년선물인버스(H),304670
HANARO KRX300,304760
HANARO 코스닥150,304770
HANARO 200선물레버리지,304780
KODEX 미국나스닥100선물(H),304940
KINDEX 코스피,305050
TIGER 미국채10년선물,305080
TIGER 2차전지테마,305540
KODEX 2차전지산업,305720
세아제강,306200
HANARO 200선물인버스,306520
HANARO 코스닥150선물레버리지,306530
KODEX KRX300레버리지,306950
KBSTAR KRX300레버리지,307010
TIGER 의료기기,307510
TIGER 지주회사,307520
현대오토에버,307950
센트랄모텍,308170
KODEX 미국채10년선물,308620
ARIRANG KRX300헬스케어,309210
KINDEX 미국WideMoat가치주,309230
KBSTAR 중국MSCI China(H),310080
TIGER 200TR,310960
TIGER MSCI Korea TR,310970
KODEX 미국FANG플러스(H),314250
HANARO 농업융복합산업,314700
TIGER 200커뮤니케이션서비스,315270
KBSTAR 200커뮤니케이션서비스,315480
KODEX Top5PlusTR,315930
KBSTAR 대형고배당10TR,315960
우리금융지주,316140
KINDEX 싱가포르리츠,316300
KOSEF 코스닥150,316670
자이에스앤디,317400
TIGER 골드선물(H),319640
KBSTAR KRX300미국달러선물혼합,319870
KODEX 멀티에셋하이인컴(H),321410
현대에너지솔루션,322000
KINDEX 스마트퀄리티,322120
KINDEX 스마트로우볼,322130
KINDEX 스마트하이베타,322150
HANARO e커머스,322400
HANARO 고배당,322410
카카오뱅크,323410
KODEX Fn성장,325010
KODEX 배당가치,325020
SK바이오팜,326030
KBSTAR 내수주플러스,326230
KBSTAR IT플러스,326240
ARIRANG 코스피TR,328370
현대중공업,329180
TIGER 부동산인프라고배당,329200
KODEX TRF3070,329650
KODEX TRF5050,329660
KODEX TRF7030,329670
TIGER 미국달러단기채권액티브,329750
롯데리츠,330590
KOSEF Fn중소형,331910
KINDEX 200TR,332500
ARIRANG 미국단기우량회사채,332610
ARIRANG 미국장기우량회사채,332620
HANARO 200TR,332930
HANARO MSCI Korea TR,332940
ARIRANG KS로우볼가중TR,333940
ARIRANG KS로우사이즈가중TR,333950
ARIRANG KS모멘텀가중TR,333960
ARIRANG KS밸류가중TR,333970
ARIRANG KS퀄리티가중TR,333980
KBSTAR 팔라듐선물(H),334690
KBSTAR 팔라듐선물인버스(H),334700
이지스밸류리츠,334890
KBSTAR 금융채액티브,336160
두산퓨얼셀,336260
솔루스첨단소재,336370
KODEX Fn멀티팩터,337120
KODEX 코스피대형주,337140
KODEX 200exTOP,337150
KODEX 200ESG,337160
NH프라임리츠,338100
교촌에프앤비,339770
TIGER KIS부동산인프라채권TR,341850
KINDEX 모닝스타싱가포르리츠채권혼합,342140
KBSTAR KRX국채선물3년10년스티프너,342500
KBSTAR KRX국채선물3년10년스티프너2X,342600
KBSTAR KRX국채선물3년10년플래트너,342610
KBSTAR KRX국채선물3년10년플래트너2X,342620
KCC글라스,344820
HANARO KAP초장기국고채,346000
제이알글로벌리츠,348950
이지스레지던스리츠,350520
KODEX TSE일본리츠(H),352540
KODEX 다우존스미국리츠(H),352560
하이브,352820
대덕전자,353200
KBSTAR 미국고정배당우선증권ICE TR,354240
HANARO 글로벌럭셔리S&P(합성),354350
KINDEX 코스닥150,354500
KINDEX KIS종합채권(AA-이상)액티브,356540
코람코에너지리츠,357120
미래에셋맵스리츠,357250
TIGER CD금리투자KIS(합성),357870
KODEX 코스피TR,359210
KODEX 200롱코스닥150숏선물,360140
KODEX 코스닥150롱코스피200숏선물,360150
KINDEX 미국S&P500,360200
TIGER 미국S&P500,360750
KBSTAR 200TR,361580
KBSTAR 코스피ex200,361590
SK아이이테크놀로지,361610
티와이홀딩스,363280
SOL KIS단기통안채,363510
KODEX 장기종합채권(AA-이상)액티브KAP,363570
KODEX 200IT TR,363580
KODEX 혁신기술테마액티브,364690
TIGER KRX BBIG K-뉴딜,364960
TIGER KRX바이오K-뉴딜,364970
TIGER KRX2차전지K-뉴딜,364980
TIGER KRX게임K-뉴딜,364990
TIGER KRX인터넷K-뉴딜,365000
TIGER AI코리아그로스액티브,365040
ESR켄달스퀘어리츠,365550
KINDEX 국고채10년,365780
KINDEX 미국나스닥100,367380
HANARO Fn5G산업,367740
KBSTAR Fn5G테크,367760
KBSTAR Fn수소경제테마,367770
HANARO Fn K-뉴딜디지털플러스,368190
KBSTAR Fn K-뉴딜디지털플러스,368200
KINDEX Fn K-뉴딜디지털플러스,368470
KBSTAR 미국나스닥100,368590
KODEX Fn K-뉴딜디지털플러스,368680
KINDEX 블룸버그베트남VN30선물레버리지(H),371130
KBSTAR 차이나항셍테크,371150
TIGER 차이나항셍테크,371160
TIGER 글로벌클라우드컴퓨팅INDXX,371450
TIGER 차이나전기차SOLACTIVE,371460
TIGER 차이나바이오테크SOLACTIVE,371470
KINDEX 차이나항셍테크,371870
KODEX 차이나항셍테크,372330
한컴라이프케어,372910
KODEX K-이노베이션액티브,373490
ARIRANG 신흥국MSCI인버스(합성 H),373530
KOSEF 미국방어배당성장나스닥,373790
KBSTAR 글로벌데이터센터리츠나스닥(합성),375270
DL이앤씨,375500
HANARO 탄소효율그린뉴딜,375760
KODEX 탄소효율그린뉴딜,375770
ARIRANG 탄소효율그린뉴딜,376250
TIGER 탄소효율그린뉴딜,376410
디앤디플랫폼리츠,377190
TIGER Fn신재생에너지,377990
화승알앤에이,378850
KBSTAR 미국S&P500,379780
KBSTAR 유로스탁스50(H),379790
KODEX 미국S&P500TR,379800
KODEX 미국나스닥100TR,379810
KINDEX Fn5G플러스,380340
엔에이치스팩19호,380440
TIGER 미국테크TOP10 INDXX,381170
TIGER 미국필라델피아반도체나스닥,381180
HANARO Fn전기&수소차,381560
HANARO Fn친환경에너지,381570
케이카,381970
F&F,383220
LX홀딩스,383800
KODEX K-신재생에너지액티브,385510
KODEX K-미래차액티브,385520
KBSTAR KIS종합채권(A-이상)액티브,385540
KBSTAR KIS단기종합채권(AA-이상)액티브,385550
KBSTAR KIS국고채30년Enhanced,385560
네비게이터 ESG액티브,385590
네비게이터 친환경자동차밸류체인액티브,385600
TIMEFOLIO BBIG액티브,385710
TIMEFOLIO Kstock액티브,385720
TIGER 글로벌BBIG액티브,387270
TIGER 퓨처모빌리티액티브,387280
KBSTAR Fn컨택트대표,388280
KBSTAR 비메모리반도체액티브,388420
KODEX 미국반도체MV,390390
KODEX 미국스마트모빌리티S&P,390400
HANARO 단기채권액티브,390950
KINDEX 미국스팩&IPO INDXX,391590
KINDEX 미국친환경그린테마INDXX,391600
HK 베스트일레븐액티브,391670
HK 하이볼액티브,391680
KOSEF 릭소글로벌디지털경제MSCI,394340
KOSEF 릭소글로벌퓨처모빌리티MSCI,394350
TIGER 글로벌자율주행&전기차SOLACTIVE,394660
TIGER 글로벌리튬&2차전지SOLACTIVE(합성),394670
KODEX Fn웹툰&드라마,395150
KODEX Fn시스템반도체,395160
KODEX Fn Top10동일가중,395170
HANARO Fn K-반도체,395270
HANARO Fn K-게임,395280
HANARO Fn K-POP&미디어,395290
SK리츠,395400
ARIRANG ESG가치주액티브,395750
ARIRANG ESG성장주액티브,395760
TIGER Fn반도체TOP10,396500
TIGER 차이나클린에너지SOLACTIVE,396510
TIGER 차이나반도체FACTSET,396520
KBSTAR 국채선물5년추종인버스,397410
KBSTAR 국채선물5년추종,397420
SOL 미국S&P500ESG,399110
KBSTAR 글로벌클린에너지S&P,399580
KODEX 유럽탄소배출권선물ICE(H),400570
SOL 유럽탄소배출권선물S&P(H),400580
SOL 글로벌탄소배출권선물IHS(합성),400590
TIGER Fn메타버스,400970
KBSTAR iSelect메타버스,401170
KODEX K-메타버스액티브,401470
HANARO 글로벌탄소배출권선물ICE(합성),401590
HANARO Fn K-메타버스MZ,402460
FOCUS 혁신기업액티브,402520
KINDEX 미국고배당S&P,402970
마이다스 KoreaStock액티브,403790
신한 K200 USD 선물 바이셀 ETN,500001
신한 USD K200 선물 바이셀 ETN,500002
신한 인버스 WTI원유 선물 ETN(H),500003
신한 브렌트원유 선물 ETN(H),500004
신한 인버스 브렌트원유 선물 ETN(H),500005
신한 인버스 금 선물 ETN(H),500006
신한 인버스 은 선물 ETN(H),500007
신한 인버스 구리 선물 ETN(H),500008
신한 다우존스지수 선물 ETN(H),500009
신한 인버스 다우존스지수 선물 ETN(H),500010
신한 달러인덱스 선물 ETN(H),500011
신한 인버스 달러인덱스 선물 ETN(H),500012
신한 옥수수 선물 ETN(H),500013
신한 인버스 옥수수 선물 ETN(H),500014
신한 WTI원유 선물 ETN(H),500015
신한 금 선물 ETN(H),500016
신한 은 선물 ETN(H),500017
신한 구리 선물 ETN(H),500018
신한 레버리지 WTI원유 선물 ETN(H),500019
신한 레버리지 다우존스지수 선물 ETN(H),500020
신한 천연가스 선물 ETN(H),500021
신한 인버스 천연가스 선물 ETN(H),500022
신한 콩 선물 ETN(H),500023
신한 인버스 콩 선물 ETN(H),500024
신한 인버스 2X WTI원유 선물 ETN(H),500027
신한 인버스 2X 다우존스지수 선물 ETN(H),500028
신한 레버리지 은 선물 ETN(H),500029
신한 인버스 2X 은 선물 ETN(H),500030
신한 인버스 2X 천연가스 선물 ETN(H),500032
신한 레버리지 미국달러 선물 ETN,500035
신한 인버스 2X 미국달러 선물 ETN,500036
신한 레버리지 금 선물 ETN,500037
신한 인버스 2X 금 선물 ETN,500038
신한 코스피 콘도르 4/10% ETN,500039
신한 레버리지 구리 선물 ETN,500040
신한 인버스 2X 구리 선물 ETN,500041
신한 코스피 콘도르 6/10% ETN,500042
신한 코스피 콘도르 4/10% 콜 2204-01 ETN,500043
신한 코스피 콘도르 6/10% 콜 2204-01 ETN,500044
신한 코스피 월별 양매도 3% OTM ETN,500046
신한 코스피 월별 양매도 5% OTM ETN,500047
신한 코스피 월별 양매도 3% 콜 2206-1 ETN,500048
신한 코스피 월별 양매도 5% 콜 2206-1 ETN,500049
신한 레버리지 S&P500 선물 ETN,500050
신한 인버스 2X S&P500 선물 ETN,500051
신한 레버리지 천연가스 선물 ETN,500053
신한 인버스 2X 천연가스 선물 ETN,500054
신한 인버스 Russell 2000 ETN,500055
신한 레버리지 Russell 2000 ETN,500056
신한 인버스 2X Russell 2000 ETN,500057
신한 S&P500 VIX S/T 선물 ETN C,500058
신한 FnGuide 메타버스 ETN,500059
신한 코스피 200 ETN,500060
신한 인버스 코스피 200 선물 ETN,500061
신한 코스닥 150 ETN,500062
신한 인버스 코스닥 150 선물 ETN,500063
대신 WTI원유 선물 ETN(H),510001
대신 아연선물 ETN(H),510002
대신 니켈선물 ETN(H),510003
대신 인버스 아연선물 ETN(H),510004
대신 2X 아연선물 ETN(H),510005
대신 인버스 니켈선물 ETN(H),510006
대신 2X 니켈선물 ETN(H),510007
대신 철광석 선물 ETN(H),510008
대신 인버스 철광석 선물 ETN(H),510009
대신 인버스 2X 니켈선물 ETN(H),510010
대신 골드 커버드콜 타겟 5%인컴 ETN(H),510011
대신 알루미늄 선물 ETN(H),510014
대신 밀 선물 ETN(H),510015
대신 천연가스 선물 ETN(H),510016
대신 2X 철광석 선물 ETN(H),510017
미래에셋 원자재 선물 ETN(H),520003
미래에셋 전기전자 Core5 ETN,520004
미래에셋 인버스 전기전자 Core5 ETN,520005
미래에셋 에너지화학 Core5 ETN,520006
미래에셋 인버스 에너지화학 Core5 ETN,520007
미래에셋 레버리지 원유선물혼합 ETN(H),520009
미래에셋 원유선물혼합 ETN(H),520010
미래에셋 인버스 원유선물혼합 ETN(H),520011
미래에셋 Q150 Core5 ETN,520013
미래에셋 미디어엔터 Core5 ETN,520014
미래에셋 인버스 미디어엔터 Core5 ETN,520015
미래에셋 코스피 양매도 5% OTM ETN,520026
미래에셋 KRX금현물 Auto-KO-C 2312-01 ETN,520030
미래에셋 K200 Auto-KO-P 2206-01 ETN,520032
미래에셋 레버리지 은 선물 ETN,520033
미래에셋 인버스 2X 은 선물 ETN,520034
미래에셋 KRX금 Auto-KO-C(참200) 2210 ETN,520035
미래에셋 KRX 금Auto-KO-P(참100) 2210 ETN,520036
미래에셋 코스피200 선물 ETN,520037
미래에셋 인버스 코스피200 선물 ETN,520038
미래에셋 코스닥150 선물 ETN,520039
미래에셋 인버스 코스닥150 선물 ETN,520040
미래에셋 코스닥150 Auto-KO-C 2212-01 ETN,520041
미래에셋 코스닥150 Auto-KO-P 2212-01 ETN,520042
삼성 인버스 China A50 선물 ETN(H),530002
삼성 China A50 선물 ETN(H),530014
삼성 미국 대형 성장주 ETN(H),530015
삼성 미국 대형 가치주 ETN(H),530016
삼성 미국 대형 성장주 ETN,530019
삼성 미국 대형 가치주 ETN,530020
삼성 레버리지 China A50 선물 ETN(H),530023
삼성 레버리지 WTI원유 선물 ETN,530031
삼성 인버스 2X WTI원유 선물 ETN,530036
삼성 코스피 풋매도 ETN,530053
삼성 레버리지 금 선물 ETN(H),530055
삼성 인버스 2X 금 선물 ETN(H),530056
삼성 코스피 양매도 5% OTM ETN,530060
삼성 레버리지 은 선물 ETN(H),530061
삼성 인버스 2X 은 선물 ETN(H),530062
삼성 레버리지 구리 선물 ETN(H),530063
삼성 인버스 2X 구리 선물 ETN(H),530064
삼성 코스피 풋매도 4% OTM ETN,530066
삼성 KRX 금현물 ETN,530067
삼성 레버리지 천연가스 선물 ETN B,530068
삼성 인버스 2X 천연가스 선물 ETN B,530069
삼성 레버리지 나스닥 100 ETN(H),530070
삼성 인버스 2X 나스닥 100 ETN(H),530071
삼성 S&P500 VIX S/T 선물 ETN(H) C,530072
삼성 HSCEI ETN(H),530073
삼성 인버스 HSCEI ETN(H),530074
삼성 레버리지 HSCEI ETN(H),530075
삼성 인버스 2X HSCEI ETN(H),530076
삼성 나스닥 100 ETN(H),530077
삼성 인버스 나스닥 100 ETN(H),530078
삼성 항셍테크 ETN(H),530079
삼성 인버스 항셍테크 ETN(H),530080
삼성 레버리지 항셍테크 ETN(H),530081
삼성 인버스 2X 항셍테크 ETN(H),530082
삼성 금 선물 ETN(H),530083
삼성 인버스 금 선물 ETN(H),530084
삼성 KRX BBIG K-뉴딜 ETN,530085
삼성 레버리지 KRX BBIG K-뉴딜 ETN,530086
삼성 KRX 2차전지 K-뉴딜 ETN,530087
삼성 레버리지 KRX 2차전지 K-뉴딜 ETN,530088
삼성 은 선물 ETN(H),530089
삼성 인버스 은 선물 ETN(H),530090
삼성 코스피 200 ETN,530091
삼성 인버스 코스피 200 선물 ETN,530092
삼성 코스닥 150 ETN,530093
삼성 인버스 코스닥 150 선물 ETN,530094
QV 미국 IT TOP5 ETN(H),550041
QV 레버리지 WTI원유 선물 ETN(H),550042
QV 인버스 레버리지 WTI원유 선물 ETN(H),550043
QV 레버리지 S&P500 ETN,550044
QV 인버스 레버리지 S&P500 ETN,550045
QV 코스피 변동성 매칭형 양매도 ETN,550057
QV iSelect 글로벌 EMP ETN(H),550059
QV S&P500 VIX S/T 선물 ETN C,550060
QV 인버스 미국 IT TOP5 ETN(H),550061
QV 레버리지 금 선물 ETN(H),550062
QV 인버스 레버리지 금 선물 ETN(H),550063
QV 레버리지 은 선물 ETN(H),550064
QV 인버스 레버리지 은 선물 ETN(H),550065
QV S&P500 버퍼10% 9월 ETN,550066
QV 코스피 200 ETN,550067
QV 코스닥 150 ETN,550068
TRUE 코스피 양매도 5% OTM ETN,570019
TRUE 코스피 커버드콜 ETN B,570020
TRUE 코스피 커버드풋 ETN B,570021
TRUE 레버리지 S&P500 선물 ETN(H),570022
TRUE 인버스 2X S&P500 선물 ETN(H),570023
TRUE 인버스 유로스탁스50 ETN(H) B,570025
TRUE 인버스 2X 유로스탁스50 ETN(H),570027
TRUE 인버스 HSCEI ETN(H) B,570028
TRUE 코스피 양매도 3% OTM ETN,570029
TRUE 코스피 양매도 ATM ETN,570030
TRUE 레버리지 HSCEI ETN(H),570031
TRUE 인버스 2X HSCEI ETN(H),570032
TRUE 엔선물 ETN B,570034
TRUE 레버리지 엔선물 ETN B,570035
TRUE 인버스 엔선물 ETN B,570036
TRUE 유로선물 ETN B,570037
TRUE 인버스 유로선물 ETN B,570038
TRUE 인버스 나스닥 100 ETN,570042
TRUE 레버리지 나스닥 100 ETN,570043
TRUE 인버스 2X 나스닥 100 ETN,570044
TRUE 레버리지 천연가스 선물 ETN(H),570045
TRUE 인버스 2X 천연가스 선물 ETN(H),570046
TRUE FTSE100 ETN,570047
TRUE 유로스탁스50 양매도 5% OTM ETN(H),570048
TRUE S&P500 양매도 4% OTM ETN(H),570049
TRUE S&P500 선물 ETN,570050
TRUE 나스닥 100 ETN,570051
TRUE 플래티넘 선물 ETN,570052
TRUE 인버스 플래티넘 선물 ETN,570053
TRUE 레버리지 유로스탁스50 ETN(H) B,570054
TRUE 금 선물 ETN,570055
TRUE 인버스 금 선물 ETN,570056
TRUE 은 선물 ETN,570057
TRUE 인버스 은 선물 ETN,570058
TRUE 레버리지 금 선물 ETN,570059
TRUE 인버스 2X 금 선물 ETN,570060
TRUE 레버리지 은 선물 ETN,570061
TRUE 인버스 2X 은 선물 ETN,570062
TRUE 베트남 VN30 선물 ETN(H),570063
TRUE 인버스 베트남 VN30 선물 ETN(H),570064
TRUE 레버리지 베트남 VN30 선물 ETN(H),570065
TRUE 인버스 2X 베트남 VN30 선물 ETN(H),570066
TRUE 코스피 200 ETN,570067
TRUE 코스닥 150 ETN,570068
KB Wise 분할매매 ETN,580010
KB FnGuide 언택트 ETN,580011
KB KRX300 ETN,580012
KB KRX ESG Eco ETN,580013
KB 인버스 2X 나스닥 100 ETN,580014
KB 레버리지 나스닥 100 ETN,580015
KB 레버리지 S&P 500 선물 ETN(H),580016
KB 인버스 2X S&P 500 선물 ETN,580017
KB 레버리지 항셍테크 선물 ETN(H),580018
KB 인버스 2X 항셍테크 선물 ETN,580019
KB 천연가스 선물 ETN(H),580020
KB 인버스 천연가스 선물 ETN,580021
KB 레버리지 금 선물 ETN(H),580022
KB 인버스 2X 금 선물 ETN(H),580023
KB 레버리지 KRX BBIG K-뉴딜 ETN,580024
KB 레버리지 KRX 2차전지 K-뉴딜 ETN,580025
KB 레버리지 은 선물 ETN(H),580026
KB 인버스 2X 은 선물 ETN(H),580027
KB KOSPI 200 선물 ETN,580028
KB 인버스 KOSPI 200 선물 ETN,580029
KB KOSDAQ 150 선물 ETN,580030
KB 인버스 KOSDAQ150 선물 ETN,580031
미래에셋 중국 심천 100 ETN,590018
메리츠 인플레이션 국채 ETN,610001
메리츠 레버리지 인플레이션 국채 ETN,610002
메리츠 미국 인플레이션 국채 ETN(H),610003
메리츠 미국레버리지 인플레이션국채ETN(H),610004
메리츠 레버리지 KRX300 선물 ETN,610005
메리츠 인버스 2X KRX300 선물 ETN,610006
메리츠 국채30년 ETN,610007
메리츠 레버리지 국채30년 ETN,610008
메리츠 인버스 국채30년 ETN,610009
메리츠 인버스 2X 국채30년 ETN,610010
메리츠 금 선물 ETN(H),610011
메리츠 레버리지 금 선물 ETN(H),610012
메리츠 인버스 2X 금 선물 ETN(H),610013
메리츠 은 선물 ETN(H),610014
메리츠 인버스 은 선물 ETN(H),610015
메리츠 레버리지 은 선물 ETN(H),610016
메리츠 인버스 2X 은 선물 ETN(H),610017
하나 코스피 변동성추세 추종 양매도 ETN,700001
하나 KRX300 ETN,700002
하나 KRX BBIG K-뉴딜 ETN,700003
하나 레버리지 KRX BBIG K-뉴딜 ETN,700004
하나 코스닥150 선물 ETN,700007
하나 인버스 코스닥150 선물 ETN,700008
엘브이엠씨홀딩스,900140
프레스티지바이오파마,950210
